<?xml version="1.0" encoding="utf-8"?>
<root>
	<Main>
		<Left Type="9">737</Left>
		<Top Type="9">530</Top>
	</Main>
	<App>
		<App Type="10">CALSAT32</App>
		<RegKey Type="10">\Software\VB and VBA Program Settings\JR1HUO\CALSAT32</RegKey>
		<Inifile Type="10">C:\Calsat32\CALSAT32.INI</Inifile>
		<Elements Type="10">C:\Calsat32\ELEM.TXT</Elements>
	</App>
	<Registry>
		<CALSAT32 Type="10">\Software\VB and VBA Program Settings\JR1HUO\CALSAT32</CALSAT32>
		<CALSAT99 Type="10">\Software\VB and VBA Program Settings\JR1HUO\CALSAT99</CALSAT99>
	</Registry>
	<Comm>
		<Port Type="10">Com6</Port>
		<BaudRate Type="9">9600</BaudRate>
		<DataBits Type="9">8</DataBits>
		<Parity Type="9">0</Parity>
		<StopBits Type="9">0</StopBits>
		<FlowControl Type="9">5</FlowControl>
	</Comm>
	<GS23>
		<LeftBounds Type="9">0</LeftBounds>
		<RightBounds Type="9">450</RightBounds>
		<Offset Type="9">-45</Offset>
		<DownBounds Type="9">0</DownBounds>
		<UpBounds Type="9">180</UpBounds>
		<HomeAzimuth Type="9">270</HomeAzimuth>
		<HomeElevation Type="9">1</HomeElevation>
		<RotateSpeed Type="9">0</RotateSpeed>
		<GotoHome Type="2">-1</GotoHome>
	</GS23>
</root>
